{
  "K": 10,
  "n_splits": 5,
  "subseq": {
    "full": {
      "K": 10,
      "n_samples": 1319,
      "n_correct": 1268,
      "n_wrong": 51,
      "cv_n_splits": 5,
      "cv_auc_folds": [
        0.5255905511811023,
        0.9645669291338583,
        0.6488188976377953,
        0.8084800574919152,
        0.684189723320158
      ],
      "cv_auc_mean": 0.7263292317529657,
      "cv_auc_std": 0.14938913385268532,
      "epr_baseline_auc": 0.2605771015030618,
      "beta": [
        3.934944285452636,
        0.819288842826079,
        -0.9502373249861934,
        -0.40192528549006096,
        -0.13781022075179508,
        0.06163129981837455,
        5.333960162903031,
        -6.7672457666074965,
        3.175485411276882,
        0.7269308051381879,
        -2.1959597825669843
      ],
      "gamma": [
        -1.0282785972603943,
        0.44797377869136457,
        0.06140960961822054,
        -0.07465467776979108,
        -0.17427914636734057,
        -1.0887291613080285,
        0.8383412935723188,
        0.4349053717963925,
        -0.12686159652217885,
        -0.5789289687138958
      ],
      "scaler_mean": [
        0.06133369296720862,
        0.0857232355440105,
        0.024803552294036062,
        0.00956811857545121,
        0.0043677479932955785,
        0.0023609705818163893,
        0.0014227742800078404,
        0.0008993843230393042,
        0.0006023974347734988,
        0.0004179042684714627,
        0.5276658227696804,
        0.5300020912853506,
        0.4432245472062048,
        0.2747971820366028,
        0.16470135793690696,
        0.10188474051261884,
        0.0660675966321932,
        0.042673597504903724,
        0.028532652229469643,
        0.019269003780319215
      ],
      "scaler_std": [
        0.023979741468312655,
        0.02802953859099681,
        0.014477877181382375,
        0.008085585516360416,
        0.005033645721259591,
        0.0034114665403373414,
        0.0024695721961348347,
        0.0018621766693529397,
        0.0014398649410993778,
        0.0011453370625753286,
        0.0094129030522383,
        0.0020827614001100196,
        0.06810145872726915,
        0.10320363144094886,
        0.09290898917425328,
        0.07458396719873712,
        0.05946945548671647,
        0.04762899315501845,
        0.036946580043965734,
        0.02977041071949995
      ]
    },
    "reasoning": {
      "K": 10,
      "n_samples": 1319,
      "n_correct": 1268,
      "n_wrong": 51,
      "cv_n_splits": 5,
      "cv_auc_folds": [
        0.49606299212598426,
        0.9618110236220473,
        0.647244094488189,
        0.7966223499820339,
        0.6826086956521739
      ],
      "cv_auc_mean": 0.7168698311740856,
      "cv_auc_std": 0.15564952990662084,
      "epr_baseline_auc": 0.26380899362899735,
      "beta": [
        3.921853030052454,
        0.7110799800069288,
        -0.8307463659301042,
        -0.4299389401886201,
        -0.0639884311908191,
        0.03458202245550033,
        5.0051416821101125,
        -6.38903160407286,
        2.908693352721454,
        1.0275499959909242,
        -2.3134344929296424
      ],
      "gamma": [
        -1.0148034516937,
        0.4392815120561929,
        0.07248204964937886,
        -0.09004110155039366,
        -0.15917115525645364,
        -1.0557317709968377,
        0.7713501558247984,
        0.45077192008699196,
        -0.16460960313738374,
        -0.5293657584325897
      ],
      "scaler_mean": [
        0.06425872633547804,
        0.08971211302828781,
        0.026014985677013488,
        0.010023530450489376,
        0.004568014005542407,
        0.0024679906398185265,
        0.0014865598556081446,
        0.0009391198566752469,
        0.000628361875169854,
        0.0004357715537359891,
        0.5276510637446844,
        0.529998369829724,
        0.44319489328224765,
        0.2747227319199713,
        0.16466558815506344,
        0.10182292837245507,
        0.06603833383208244,
        0.042623036289911036,
        0.02845591076863071,
        0.019242766404887656
      ],
      "scaler_std": [
        0.025195552568054013,
        0.02951389929157509,
        0.015155996773125124,
        0.008442358883150737,
        0.005242645852318006,
        0.0035519718422876503,
        0.0025704660344685187,
        0.001938425049201659,
        0.0014976421620582624,
        0.0011913837659982167,
        0.009415665070473344,
        0.0020858807805697556,
        0.06811971889076361,
        0.10322895715092198,
        0.09292290584173417,
        0.07462523423040741,
        0.05947799996932384,
        0.04763870510255698,
        0.03695579369310604,
        0.029777936842667208
      ]
    },
    "answer": {
      "K": 10,
      "n_samples": 1319,
      "n_correct": 1268,
      "n_wrong": 51,
      "cv_n_splits": 5,
      "cv_auc_folds": [
        0.6586614173228347,
        0.4791338582677166,
        0.6456692913385826,
        0.5968379446640316,
        0.4727272727272728
      ],
      "cv_auc_mean": 0.5706059568640877,
      "cv_auc_std": 0.08002970337686736,
      "epr_baseline_auc": 0.3163388383744665,
      "beta": [
        3.70807824928073,
        1.8192285381950277,
        -0.8015306103499114,
        1.919018540898337,
        -4.622803913008517,
        -1.8561918518346279,
        13.831275103234201,
        -10.236978806974117,
        3.7270972621568133,
        -7.676300389412898,
        2.5970091146333454
      ],
      "gamma": [
        0.1877736996415782,
        -0.9100672433276766,
        -2.2788242954791365,
        5.48146809057521,
        1.8416683658693087,
        -9.527966998964382,
        6.767733567810197,
        -4.100849356015837,
        7.1698594261563,
        -2.952619485062574
      ],
      "scaler_mean": [
        0.006556261223813846,
        0.011540457417580498,
        0.001971788949556,
        0.0008586873888921245,
        0.0004799447847924644,
        0.0002491299294242803,
        0.0001509597851280845,
        9.603563102954593e-05,
        7.251970841522676e-05,
        4.738373742849048e-05,
        0.04759187359755925,
        0.07858404066717276,
        0.01400216982896787,
        0.006056059245790254,
        0.003419940243905221,
        0.0018600193304956123,
        0.0011353941230052421,
        0.0007143512227262654,
        0.0005552760584702551,
        0.00035400656093645004
      ],
      "scaler_std": [
        0.016944520946571465,
        0.022616224330390088,
        0.007839631335463743,
        0.004020554882912922,
        0.0025477864065231756,
        0.0013609649664821338,
        0.0009045113041637056,
        0.0006102769289559355,
        0.0004913923427083555,
        0.0003335270649822723,
        0.11666827200063105,
        0.1451331294728682,
        0.05286952223190025,
        0.026677605267674164,
        0.017685858998798765,
        0.010010641692672372,
        0.006899535448361366,
        0.00465096196769259,
        0.003937709772951512,
        0.0025982300730928946
      ]
    }
  }
}