bin,n,mean_pred,empirical_acc
0,340,0.10442244927776081,0.7264705882352941
1,339,0.2694180218466526,0.8112094395280236
2,340,0.4212541219881593,0.861764705882353
3,339,0.5630021419803496,0.8377581120943953
4,340,0.6732373531287184,0.8735294117647059
5,339,0.7584642522451868,0.8702064896755162
6,339,0.8288541922680708,0.9056047197640118
7,340,0.8901477925912241,0.9294117647058824
8,339,0.9472844371095162,0.9026548672566371
9,340,0.9832932718956909,0.9176470588235294
