bin,n,mean_pred,empirical_acc
0,340,0.9153343984056047,0.7235294117647059
1,340,0.9540499602235077,0.8058823529411765
2,339,0.9694802981709045,0.8643067846607669
3,339,0.9796788676437381,0.8377581120943953
4,340,0.9860182282469171,0.8852941176470588
5,339,0.9902251724966527,0.855457227138643
6,339,0.9933299233031767,0.9174041297935103
7,340,0.9958275099471476,0.9264705882352942
8,339,0.9980435634682977,0.9085545722713865
9,340,0.9993685100881233,0.9117647058823529
