bin,n,mean_pred,empirical_acc
0,472,0.8508474576271187,0.635593220338983
1,1078,0.95,0.8256029684601113
4,256,0.9800000000000003,0.9453125
5,766,0.99,0.95822454308094
7,823,1.0,0.9307411907654921
