bin,n,mean_pred,empirical_acc
0,341,0.7325151755721179,0.34017595307917886
1,339,0.9991672756940166,0.6194690265486725
2,339,0.9999974947136488,0.9498525073746312
3,2376,0.9999999897641505,0.9612794612794613
