bin,n,mean_pred,empirical_acc
0,340,0.8630483522908416,0.34705882352941175
1,339,0.9997164301814778,0.616519174041298
2,340,0.9999991302593582,0.9441176470588235
3,2376,0.9999999966930998,0.9612794612794613
