bin,n,mean_pred,empirical_acc
0,340,0.13082546646107004,0.7735294117647059
1,339,0.2993744131883855,0.8200589970501475
2,340,0.4545445855827634,0.861764705882353
3,340,0.5916477379126545,0.8352941176470589
4,339,0.6972903915062211,0.8643067846607669
5,339,0.7777990731240718,0.8525073746312685
6,340,0.8459341600186516,0.888235294117647
7,339,0.9076852288304675,0.9085545722713865
8,340,0.9566446863854898,0.9058823529411765
9,339,0.9882439971163697,0.9262536873156342
