bin,n,mean_pred,empirical_acc
0,820,0.7684268292682929,0.6963414634146341
2,2423,0.95,0.9178704085843995
9,148,0.996891891891892,0.918918918918919
