bin,n,p_mean,acc
0,15,0.04655625635812521,0.13333333333333333
1,19,0.1496981483398513,0.2631578947368421
2,14,0.2507248505843526,0.14285714285714285
3,15,0.33951143102348386,0.5333333333333333
4,17,0.4645969072879033,0.23529411764705882
5,7,0.5527304941175394,0.7142857142857143
6,32,0.6528157848941658,0.25
7,29,0.7506794407467331,0.3448275862068966
8,29,0.850354826247117,0.27586206896551724
9,927,0.9938206256077644,0.732470334412082
