conf_col,n,accuracy,mean_conf,AUC,AUC_CI_lo,AUC_CI_hi,AUC_p,Brier,Brier_CI_lo,Brier_CI_hi,calib_intercept,calib_slope,Spiegelhalter_z,Spiegelhalter_p,Spearman_rho_wrong_logerr,rho_CI_lo,rho_CI_hi,rho_p,n_wrong
prob_tokens_only.prob_joint,3395,0.8636229749631812,0.9730499286356147,0.8435285477298242,0.8202350446046348,0.8656782369502306,0.0,0.11385185667657237,0.10351713361318939,0.12383640545306938,-0.6096798664857682,0.14980805612830608,106.28858889033044,0.0,-0.15201444309032836,-0.24854604660386892,-0.06001232708133114,0.0010336361210300082,463
