model_name,n_features,cv_roc_auc,cv_average_precision,class_balance_correct_rate
all_numeric,64,0.7286636221936612,0.9778625116228554,0.956027293404094
all_numeric_no_length,61,0.7183269982772293,0.975713850085643,0.956027293404094
top_manual,11,0.6982963712434029,0.9749614725489397,0.956027293404094
reasoning_only,21,0.6788400010938226,0.9723336828592924,0.956027293404094
reasoning_no_length,20,0.6787169460471985,0.9723367500686542,0.956027293404094
all_only,21,0.6689545790150128,0.9688374775851494,0.956027293404094
final_only,21,0.6652219092674122,0.9721007505955204,0.956027293404094
all_no_length,20,0.6625693893735132,0.9678416769899659,0.956027293404094
